",""Estimate"",""Std. Error"",""z-value"",""Pr(>|z|)"""
(Intercept):2,-83.0993347659682,10527.1339431665,-0.00789382325850531,0.993701705706753
att1,-49.5524701841886,7122.7861566063,-0.00695689426787428,0.994449246247141
att21,-33.378486035284,4280.13984553305,-0.00779845688222532,0.993777794723849
att3,0.164784194680891,26.8987463182113,0.00612609200189107,0.995112116346553
